{"cameraMode":{"drawMode":0,"name":"Shaded","section":"Shading Mode"},"sceneLighting":true,"audioPlay":false,"sceneViewState":{"showFog":true,"showMaterialUpdate":false,"showSkybox":true,"showFlares":true,"showImageEffects":true,"showParticleSystems":true},"in2DMode":false,"pivot":{"x":-0.7252373695373535,"y":1.0973098278045655,"z":2.878530979156494},"rotation":{"x":-0.17074650526046754,"y":0.3633233606815338,"z":-0.06792070716619492,"w":-0.9133617877960205},"size":2.7500908374786379,"orthographic":false}