{"cameraMode":{"drawMode":0,"name":"Shaded","section":"Shading Mode"},"sceneLighting":true,"audioPlay":false,"sceneViewState":{"showFog":true,"showMaterialUpdate":false,"showSkybox":true,"showFlares":true,"showImageEffects":true,"showParticleSystems":true},"in2DMode":false,"pivot":{"x":1.0050766468048096,"y":1.23919677734375,"z":4.374368667602539},"rotation":{"x":-0.30008065700531008,"y":-0.013738548383116722,"z":0.0043222950771451,"w":-0.9538058042526245},"size":11.03546142578125,"orthographic":false}