{"cameraMode":{"drawMode":0,"name":"Shaded","section":"Shading Mode"},"sceneLighting":false,"audioPlay":false,"sceneViewState":{"showFog":true,"showMaterialUpdate":false,"showSkybox":false,"showFlares":true,"showImageEffects":true,"showParticleSystems":true},"in2DMode":false,"pivot":{"x":3.235013008117676,"y":3.3914222717285158,"z":0.20997226238250733},"rotation":{"x":0.016413100063800813,"y":0.9035347700119019,"z":-0.02909746579825878,"w":0.42847740650177},"size":1.4675121307373047,"orthographic":false}