{"cameraMode":{"drawMode":0,"name":"Shaded","section":"Shading Mode"},"sceneLighting":true,"audioPlay":false,"sceneViewState":{"showFog":true,"showMaterialUpdate":false,"showSkybox":true,"showFlares":true,"showImageEffects":true,"showParticleSystems":true},"in2DMode":false,"pivot":{"x":-2.6280407905578615,"y":-0.10085153579711914,"z":0.10635578632354737},"rotation":{"x":0.12686583399772645,"y":-0.7458839416503906,"z":0.15475761890411378,"w":0.6362687349319458},"size":5.659679889678955,"orthographic":false}