{"cameraMode":{"drawMode":0,"name":"Shaded","section":"Shading Mode"},"sceneLighting":true,"audioPlay":false,"sceneViewState":{"showFog":true,"showMaterialUpdate":false,"showSkybox":true,"showFlares":true,"showImageEffects":true,"showParticleSystems":true},"in2DMode":false,"pivot":{"x":1.061800241470337,"y":2.1342484951019289,"z":-4.662200927734375},"rotation":{"x":0.1528317630290985,"y":0.008143506944179535,"z":0.0024760894011706115,"w":0.9888519048690796},"size":0.0063855648040771488,"orthographic":false}