{"cameraMode":{"drawMode":0,"name":"Shaded","section":"Shading Mode"},"sceneLighting":false,"audioPlay":false,"sceneViewState":{"showFog":true,"showMaterialUpdate":false,"showSkybox":false,"showFlares":true,"showImageEffects":true,"showParticleSystems":true},"in2DMode":false,"pivot":{"x":-1.0140535831451417,"y":1.7907029390335084,"z":4.204145908355713},"rotation":{"x":0.02612750045955181,"y":-0.5497514009475708,"z":0.020921755582094194,"w":0.8353769779205322},"size":1.662393569946289,"orthographic":false}