{"cameraMode":{"drawMode":0,"name":"Shaded","section":"Shading Mode"},"sceneLighting":true,"audioPlay":false,"sceneViewState":{"showFog":true,"showMaterialUpdate":false,"showSkybox":true,"showFlares":true,"showImageEffects":true,"showParticleSystems":true},"in2DMode":false,"pivot":{"x":-2.9220967292785646,"y":2.3016488552093508,"z":-2.8219175338745119},"rotation":{"x":0.01361139677464962,"y":-0.97797030210495,"z":0.11655115336179733,"w":0.17654262483119965},"size":1.9354197978973389,"orthographic":false}