{"cameraMode":{"drawMode":0,"name":"Shaded","section":"Shading Mode"},"sceneLighting":false,"audioPlay":false,"sceneViewState":{"showFog":true,"showMaterialUpdate":false,"showSkybox":false,"showFlares":true,"showImageEffects":true,"showParticleSystems":true},"in2DMode":false,"pivot":{"x":1.9737316370010377,"y":0.3028910160064697,"z":0.14808368682861329},"rotation":{"x":-0.0815972313284874,"y":0.6357694268226624,"z":-0.07103648781776428,"w":-0.7649679780006409},"size":0.546507716178894,"orthographic":false}