{"cameraMode":{"drawMode":0,"name":"Shaded","section":"Shading Mode"},"sceneLighting":false,"audioPlay":false,"sceneViewState":{"showFog":true,"showMaterialUpdate":false,"showSkybox":false,"showFlares":true,"showImageEffects":true,"showParticleSystems":true},"in2DMode":false,"pivot":{"x":2.9493651390075685,"y":3.1618549823760988,"z":0.15022268891334535},"rotation":{"x":-0.019096365198493005,"y":0.9792354702949524,"z":-0.13963532447814942,"w":-0.1494114100933075},"size":0.8101081848144531,"orthographic":false}