{"cameraMode":{"drawMode":0,"name":"Shaded","section":"Shading Mode"},"sceneLighting":false,"audioPlay":false,"sceneViewState":{"showFog":true,"showMaterialUpdate":false,"showSkybox":false,"showFlares":true,"showImageEffects":true,"showParticleSystems":true},"in2DMode":false,"pivot":{"x":-1.1176276206970215,"y":1.929232120513916,"z":4.287088871002197},"rotation":{"x":0.045289721339941028,"y":-0.29247820377349856,"z":0.017139753326773645,"w":0.9556741714477539},"size":0.7623936533927918,"orthographic":false}