{"cameraMode":{"drawMode":0,"name":"Shaded","section":"Shading Mode"},"sceneLighting":true,"audioPlay":false,"sceneViewState":{"showFog":true,"showMaterialUpdate":false,"showSkybox":true,"showFlares":true,"showImageEffects":true,"showParticleSystems":true},"in2DMode":false,"pivot":{"x":-13.566201210021973,"y":0.969916820526123,"z":4.554794788360596},"rotation":{"x":-0.09335490316152573,"y":0.5515194535255432,"z":-0.06572780013084412,"w":-0.8270825147628784},"size":1.1336913108825684,"orthographic":false}