{"cameraMode":{"drawMode":0,"name":"Shaded","section":"Shading Mode"},"sceneLighting":true,"audioPlay":false,"sceneViewState":{"showFog":true,"showMaterialUpdate":false,"showSkybox":true,"showFlares":true,"showImageEffects":true,"showParticleSystems":true},"in2DMode":false,"pivot":{"x":0.11719968914985657,"y":2.788498640060425,"z":-2.6551709175109865},"rotation":{"x":0.05225124582648277,"y":0.03350037708878517,"z":-0.0009396459790877998,"w":-0.9985882043838501},"size":2.9418020248413088,"orthographic":false}