{"cameraMode":{"drawMode":0,"name":"Shaded","section":"Shading Mode"},"sceneLighting":false,"audioPlay":false,"sceneViewState":{"showFog":true,"showMaterialUpdate":false,"showSkybox":true,"showFlares":true,"showImageEffects":true,"showParticleSystems":true},"in2DMode":false,"pivot":{"x":66.31217193603516,"y":-30.93014907836914,"z":3.206686019897461},"rotation":{"x":0.18289873003959657,"y":0.6364951133728027,"z":-0.15698860585689546,"w":0.7332830429077148},"size":44.90518569946289,"orthographic":false}