{"cameraMode":{"drawMode":0,"name":"Shaded","section":"Shading Mode"},"sceneLighting":false,"audioPlay":false,"sceneViewState":{"showFog":true,"showMaterialUpdate":false,"showSkybox":true,"showFlares":true,"showImageEffects":true,"showParticleSystems":true},"in2DMode":false,"pivot":{"x":-1.8199249505996705,"y":7.423559665679932,"z":5.049591541290283},"rotation":{"x":0.17200002074241639,"y":-0.09397395700216294,"z":0.02443452551960945,"w":0.9810666441917419},"size":5.9712090492248539,"orthographic":false}