{"cameraMode":{"drawMode":0,"name":"Shaded","section":"Shading Mode"},"sceneLighting":false,"audioPlay":false,"sceneViewState":{"showFog":true,"showMaterialUpdate":false,"showSkybox":false,"showFlares":true,"showImageEffects":true,"showParticleSystems":true},"in2DMode":false,"pivot":{"x":1.9252060651779175,"y":1.2390187978744507,"z":3.00168514251709},"rotation":{"x":0.07522101700305939,"y":0.0957912877202034,"z":-0.004285626579076052,"w":0.9931396842002869},"size":1.541731834411621,"orthographic":false}