{"cameraMode":{"drawMode":0,"name":"Shaded","section":"Shading Mode"},"sceneLighting":false,"audioPlay":false,"sceneViewState":{"showFog":true,"showMaterialUpdate":false,"showSkybox":false,"showFlares":true,"showImageEffects":true,"showParticleSystems":true},"in2DMode":false,"pivot":{"x":-6.558368682861328,"y":1.239106297492981,"z":-4.070606231689453},"rotation":{"x":0.09222754091024399,"y":-0.7424972653388977,"z":0.1065564900636673,"w":0.6557033061981201},"size":0.6639472246170044,"orthographic":false}