{"cameraMode":{"drawMode":0,"name":"Shaded","section":"Shading Mode"},"sceneLighting":false,"audioPlay":false,"sceneViewState":{"showFog":true,"showMaterialUpdate":false,"showSkybox":false,"showFlares":true,"showImageEffects":true,"showParticleSystems":true},"in2DMode":false,"pivot":{"x":0.28046172857284548,"y":5.651515483856201,"z":7.110917568206787},"rotation":{"x":-0.14243881404399873,"y":-0.05359017848968506,"z":0.0034471096005290748,"w":-0.9890021681785584},"size":3.8194472789764406,"orthographic":false}