{"cameraMode":{"drawMode":0,"name":"Shaded","section":"Shading Mode"},"sceneLighting":false,"audioPlay":false,"sceneViewState":{"showFog":true,"showMaterialUpdate":false,"showSkybox":false,"showFlares":true,"showImageEffects":true,"showParticleSystems":true},"in2DMode":false,"pivot":{"x":-368.2543640136719,"y":-273.80206298828127,"z":2.863132953643799},"rotation":{"x":0.09731199592351914,"y":-0.07133296132087708,"z":0.009176631458103657,"w":0.9932985305786133},"size":3.168107032775879,"orthographic":false}