{"cameraMode":{"drawMode":0,"name":"Shaded","section":"Shading Mode"},"sceneLighting":false,"audioPlay":false,"sceneViewState":{"showFog":true,"showMaterialUpdate":false,"showSkybox":false,"showFlares":true,"showImageEffects":true,"showParticleSystems":true},"in2DMode":false,"pivot":{"x":-0.8318296670913696,"y":1.4084346294403077,"z":2.400330066680908},"rotation":{"x":0.016389455646276475,"y":0.9865960478782654,"z":-0.12650328874588014,"w":0.10702458024024964},"size":0.53313148021698,"orthographic":false}