{"cameraMode":{"drawMode":0,"name":"Shaded","section":"Shading Mode"},"sceneLighting":false,"audioPlay":false,"sceneViewState":{"showFog":true,"showMaterialUpdate":false,"showSkybox":false,"showFlares":true,"showImageEffects":true,"showParticleSystems":true},"in2DMode":false,"pivot":{"x":0.038184016942977908,"y":-0.4419668912887573,"z":-0.09192395210266113},"rotation":{"x":0.02612750045955181,"y":-0.5497514009475708,"z":0.020921755582094194,"w":0.8353769779205322},"size":0.22294744849205018,"orthographic":false}