{"cameraMode":{"drawMode":0,"name":"Shaded","section":"Shading Mode"},"sceneLighting":true,"audioPlay":false,"sceneViewState":{"showFog":true,"showMaterialUpdate":false,"showSkybox":true,"showFlares":true,"showImageEffects":true,"showParticleSystems":true},"in2DMode":false,"pivot":{"x":-0.19940242171287538,"y":1.5206571817398072,"z":-0.7570316195487976},"rotation":{"x":-0.011573356576263905,"y":0.027137307450175287,"z":0.004638567566871643,"w":1.0002162456512452},"size":1.387648105621338,"orthographic":false}