{"cameraMode":{"drawMode":0,"name":"Shaded","section":"Shading Mode"},"sceneLighting":false,"audioPlay":false,"sceneViewState":{"showFog":true,"showMaterialUpdate":false,"showSkybox":false,"showFlares":true,"showImageEffects":true,"showParticleSystems":true},"in2DMode":false,"pivot":{"x":0.0,"y":0.03487733006477356,"z":0.0015708357095718384},"rotation":{"x":0.04908666014671326,"y":0.1755562722682953,"z":-0.00001276884813705692,"w":0.9840320944786072},"size":0.4816431403160095,"orthographic":false}