{"cameraMode":{"drawMode":0,"name":"Shaded","section":"Shading Mode"},"sceneLighting":false,"audioPlay":false,"sceneViewState":{"showFog":true,"showMaterialUpdate":false,"showSkybox":false,"showFlares":true,"showImageEffects":true,"showParticleSystems":true},"in2DMode":false,"pivot":{"x":19.958547592163087,"y":10.728739738464356,"z":-5.905413627624512},"rotation":{"x":-0.04015209898352623,"y":-0.8035129904747009,"z":0.04159751906991005,"w":-0.5936342477798462},"size":3.3841328620910646,"orthographic":false}