{"cameraMode":{"drawMode":0,"name":"Shaded","section":"Shading Mode"},"sceneLighting":false,"audioPlay":false,"sceneViewState":{"showFog":true,"showMaterialUpdate":false,"showSkybox":false,"showFlares":true,"showImageEffects":true,"showParticleSystems":true},"in2DMode":false,"pivot":{"x":1.2978538274765015,"y":0.9940000176429749,"z":2.241640567779541},"rotation":{"x":-0.13449880480766297,"y":0.23838116228580476,"z":-0.0369858555495739,"w":-0.9617807865142822},"size":0.44852888584136965,"orthographic":false}