{"cameraMode":{"drawMode":0,"name":"Shaded","section":"Shading Mode"},"sceneLighting":false,"audioPlay":false,"sceneViewState":{"showFog":true,"showMaterialUpdate":false,"showSkybox":false,"showFlares":true,"showImageEffects":true,"showParticleSystems":true},"in2DMode":false,"pivot":{"x":0.5153722763061523,"y":8.410287857055664,"z":-19.16899871826172},"rotation":{"x":-0.14472609758377076,"y":0.5231049656867981,"z":-0.09865576773881912,"w":-0.8349332213401794},"size":18.687950134277345,"orthographic":false}