{"cameraMode":{"drawMode":0,"name":"Shaded","section":"Shading Mode"},"sceneLighting":false,"audioPlay":false,"sceneViewState":{"showFog":true,"showMaterialUpdate":false,"showSkybox":false,"showFlares":true,"showImageEffects":true,"showParticleSystems":true},"in2DMode":false,"pivot":{"x":-367.7248229980469,"y":-273.1068420410156,"z":3.382035255432129},"rotation":{"x":0.14697708189487458,"y":-0.28163090348243716,"z":0.047053053975105289,"w":0.9477027654647827},"size":3.7649307250976564,"orthographic":false}