{"cameraMode":{"drawMode":0,"name":"Shaded","section":"Shading Mode"},"sceneLighting":false,"audioPlay":false,"sceneViewState":{"showFog":true,"showMaterialUpdate":false,"showSkybox":false,"showFlares":true,"showImageEffects":true,"showParticleSystems":true},"in2DMode":false,"pivot":{"x":1.9837316274642945,"y":1.2828911542892457,"z":0.14808368682861329},"rotation":{"x":0.003030592342838645,"y":0.9880938529968262,"z":-0.002872995100915432,"w":0.1573156863451004},"size":0.5465078353881836,"orthographic":false}