{"cameraMode":{"drawMode":0,"name":"Shaded","section":"Shading Mode"},"sceneLighting":false,"audioPlay":false,"sceneViewState":{"showFog":true,"showMaterialUpdate":false,"showSkybox":false,"showFlares":true,"showImageEffects":true,"showParticleSystems":true},"in2DMode":false,"pivot":{"x":-42.546512603759769,"y":29.85811424255371,"z":-17.841175079345704},"rotation":{"x":0.09260723739862442,"y":0.4254682660102844,"z":-0.03972793370485306,"w":0.9000389575958252},"size":4.125072479248047,"orthographic":false}