{"cameraMode":{"drawMode":0,"name":"Shaded","section":"Shading Mode"},"sceneLighting":false,"audioPlay":false,"sceneViewState":{"showFog":true,"showMaterialUpdate":false,"showSkybox":true,"showFlares":true,"showImageEffects":true,"showParticleSystems":true},"in2DMode":false,"pivot":{"x":11.19734001159668,"y":-29.399642944335939,"z":53.79877471923828},"rotation":{"x":0.16404186189174653,"y":0.1449873298406601,"z":-0.01639164425432682,"w":0.9763742685317993},"size":32.50428009033203,"orthographic":false}