{"cameraMode":{"drawMode":0,"name":"Shaded","section":"Shading Mode"},"sceneLighting":false,"audioPlay":false,"sceneViewState":{"showFog":true,"showMaterialUpdate":false,"showSkybox":false,"showFlares":true,"showImageEffects":true,"showParticleSystems":true},"in2DMode":false,"pivot":{"x":-1.3347817659378052,"y":4.103462219238281,"z":10.689433097839356},"rotation":{"x":-0.01351908128708601,"y":-0.15683183073997498,"z":0.0010050632990896702,"w":0.9881764054298401},"size":3.100626230239868,"orthographic":false}