{"cameraMode":{"drawMode":0,"name":"Shaded","section":"Shading Mode"},"sceneLighting":false,"audioPlay":false,"sceneViewState":{"showFog":true,"showMaterialUpdate":false,"showSkybox":false,"showFlares":true,"showImageEffects":true,"showParticleSystems":true},"in2DMode":false,"pivot":{"x":2.1500000953674318,"y":1.5110000371932984,"z":-7.690000057220459},"rotation":{"x":-0.0815972313284874,"y":0.6357694268226624,"z":-0.07103648781776428,"w":-0.7649679780006409},"size":0.3113740384578705,"orthographic":false}