{"cameraMode":{"drawMode":0,"name":"Shaded","section":"Shading Mode"},"sceneLighting":true,"audioPlay":false,"sceneViewState":{"showFog":true,"showMaterialUpdate":false,"showSkybox":true,"showFlares":true,"showImageEffects":true,"showParticleSystems":true},"in2DMode":false,"pivot":{"x":0.7500898838043213,"y":1.4618918895721436,"z":8.488140106201172},"rotation":{"x":0.05121764540672302,"y":-0.03082716278731823,"z":0.003983715549111366,"w":0.9987055659294128},"size":6.615885257720947,"orthographic":false}