{"cameraMode":{"drawMode":0,"name":"Shaded","section":"Shading Mode"},"sceneLighting":false,"audioPlay":false,"sceneViewState":{"showFog":true,"showMaterialUpdate":false,"showSkybox":false,"showFlares":true,"showImageEffects":true,"showParticleSystems":true},"in2DMode":false,"pivot":{"x":-0.02492348849773407,"y":2.3265132904052736,"z":0.9543579816818237},"rotation":{"x":-0.0905248373746872,"y":-0.11210694909095764,"z":0.002622477011755109,"w":-0.990254819393158},"size":0.49214065074920657,"orthographic":false}