{"cameraMode":{"drawMode":0,"name":"Shaded","section":"Shading Mode"},"sceneLighting":true,"audioPlay":false,"sceneViewState":{"showFog":true,"showMaterialUpdate":false,"showSkybox":true,"showFlares":true,"showImageEffects":true,"showParticleSystems":true},"in2DMode":false,"pivot":{"x":3.448762893676758,"y":0.34677791595458987,"z":5.4744367599487309},"rotation":{"x":0.31043103337287905,"y":0.2360936850309372,"z":-0.0785398930311203,"w":0.9179071187973023},"size":8.753599166870118,"orthographic":false}