{"cameraMode":{"drawMode":0,"name":"Shaded","section":"Shading Mode"},"sceneLighting":false,"audioPlay":false,"sceneViewState":{"showFog":true,"showMaterialUpdate":false,"showSkybox":false,"showFlares":true,"showImageEffects":true,"showParticleSystems":true},"in2DMode":false,"pivot":{"x":-0.2588808536529541,"y":2.1841375827789308,"z":-0.9213688373565674},"rotation":{"x":0.012673081830143929,"y":0.989966094493866,"z":-0.09841343760490418,"w":0.10600898414850235},"size":1.5818150043487549,"orthographic":false}