{"cameraMode":{"drawMode":0,"name":"Shaded","section":"Shading Mode"},"sceneLighting":true,"audioPlay":false,"sceneViewState":{"showFog":true,"showMaterialUpdate":false,"showSkybox":true,"showFlares":true,"showImageEffects":true,"showParticleSystems":true},"in2DMode":false,"pivot":{"x":7.203525543212891,"y":-14.273319244384766,"z":28.166824340820314},"rotation":{"x":-0.2854165732860565,"y":-0.10696333646774292,"z":0.032084569334983829,"w":-0.951901912689209},"size":30.873092651367189,"orthographic":false}