{"cameraMode":{"drawMode":0,"name":"Shaded","section":"Shading Mode"},"sceneLighting":false,"audioPlay":false,"sceneViewState":{"showFog":true,"showMaterialUpdate":false,"showSkybox":false,"showFlares":true,"showImageEffects":true,"showParticleSystems":true},"in2DMode":false,"pivot":{"x":1.7000082731246949,"y":1.8496875762939454,"z":-0.884087085723877},"rotation":{"x":0.03480246290564537,"y":0.9530441761016846,"z":-0.10871680825948715,"w":0.2824399173259735},"size":1.146507978439331,"orthographic":false}