{"cameraMode":{"drawMode":0,"name":"Shaded","section":"Shading Mode"},"sceneLighting":false,"audioPlay":false,"sceneViewState":{"showFog":true,"showMaterialUpdate":false,"showSkybox":false,"showFlares":true,"showImageEffects":true,"showParticleSystems":true},"in2DMode":false,"pivot":{"x":0.13909250497817994,"y":0.2302720546722412,"z":3.7554659843444826},"rotation":{"x":0.014887787401676178,"y":0.0299745574593544,"z":-0.0061936755664646629,"w":-1.000139594078064},"size":10.0,"orthographic":false}