{"cameraMode":{"drawMode":0,"name":"Shaded","section":"Shading Mode"},"sceneLighting":false,"audioPlay":false,"sceneViewState":{"showFog":true,"showMaterialUpdate":false,"showSkybox":false,"showFlares":true,"showImageEffects":true,"showParticleSystems":true},"in2DMode":false,"pivot":{"x":0.6246708631515503,"y":1.1010628938674927,"z":0.2492995262145996},"rotation":{"x":0.04683785140514374,"y":0.08895448595285416,"z":-0.0018841790733858944,"w":0.9954392313957214},"size":1.3399956226348878,"orthographic":false}