{"cameraMode":{"drawMode":0,"name":"Shaded","section":"Shading Mode"},"sceneLighting":false,"audioPlay":false,"sceneViewState":{"showFog":true,"showMaterialUpdate":false,"showSkybox":false,"showFlares":true,"showImageEffects":true,"showParticleSystems":true},"in2DMode":false,"pivot":{"x":0.35165655612945559,"y":1.1453502178192139,"z":4.41880464553833},"rotation":{"x":-0.09871098399162293,"y":0.37551212310791018,"z":-0.04440329596400261,"w":-0.9211786389350891},"size":2.2015113830566408,"orthographic":false}