{"cameraMode":{"drawMode":0,"name":"Shaded","section":"Shading Mode"},"sceneLighting":false,"audioPlay":false,"sceneViewState":{"showFog":true,"showMaterialUpdate":false,"showSkybox":false,"showFlares":true,"showImageEffects":true,"showParticleSystems":true},"in2DMode":false,"pivot":{"x":-1.8936659097671509,"y":0.4543379545211792,"z":-25.598222732543947},"rotation":{"x":-0.07636427879333496,"y":-0.9292823076248169,"z":0.21953918039798737,"w":-0.2894676625728607},"size":1.7114170789718629,"orthographic":false}