{"cameraMode":{"drawMode":0,"name":"Shaded","section":"Shading Mode"},"sceneLighting":false,"audioPlay":false,"sceneViewState":{"showFog":true,"showMaterialUpdate":false,"showSkybox":false,"showFlares":true,"showImageEffects":true,"showParticleSystems":true},"in2DMode":false,"pivot":{"x":-2.7032766342163088,"y":0.2192978858947754,"z":0.9995231628417969},"rotation":{"x":-0.0004954918986186385,"y":0.9893514513969421,"z":-0.14692619442939759,"w":-0.030055733397603036},"size":2.677067756652832,"orthographic":false}