{"cameraMode":{"drawMode":0,"name":"Shaded","section":"Shading Mode"},"sceneLighting":false,"audioPlay":false,"sceneViewState":{"showFog":true,"showMaterialUpdate":false,"showSkybox":false,"showFlares":true,"showImageEffects":true,"showParticleSystems":true},"in2DMode":false,"pivot":{"x":-2.507106304168701,"y":1.0824739933013917,"z":2.359316349029541},"rotation":{"x":-0.16856054961681367,"y":0.7294752597808838,"z":-0.19984252750873567,"w":-0.6331040859222412},"size":3.0814149379730226,"orthographic":false}