{"cameraMode":{"drawMode":0,"name":"Shaded","section":"Shading Mode"},"sceneLighting":false,"audioPlay":false,"sceneViewState":{"showFog":true,"showMaterialUpdate":false,"showSkybox":false,"showFlares":true,"showImageEffects":true,"showParticleSystems":true},"in2DMode":false,"pivot":{"x":2.107262134552002,"y":1.7541452646255494,"z":-7.913263320922852},"rotation":{"x":-0.022155296057462693,"y":0.9632573127746582,"z":-0.25317737460136416,"w":-0.09291988611221314},"size":0.3113740086555481,"orthographic":false}