{"cameraMode":{"drawMode":0,"name":"Shaded","section":"Shading Mode"},"sceneLighting":false,"audioPlay":false,"sceneViewState":{"showFog":true,"showMaterialUpdate":false,"showSkybox":false,"showFlares":true,"showImageEffects":true,"showParticleSystems":true},"in2DMode":false,"pivot":{"x":-6.390893459320068,"y":2.289027690887451,"z":5.918890953063965},"rotation":{"x":-0.053593967109918597,"y":0.7854658365249634,"z":-0.07263955473899842,"w":-0.6131701469421387},"size":3.512904644012451,"orthographic":false}