{"cameraMode":{"drawMode":0,"name":"Shaded","section":"Shading Mode"},"sceneLighting":false,"audioPlay":false,"sceneViewState":{"showFog":true,"showMaterialUpdate":false,"showSkybox":true,"showFlares":true,"showImageEffects":true,"showParticleSystems":true},"in2DMode":false,"pivot":{"x":0.47170090675354006,"y":3.312110424041748,"z":-3.382901191711426},"rotation":{"x":0.09658250957727432,"y":0.11029321700334549,"z":-0.0021513807587325575,"w":0.9899650812149048},"size":4.855742931365967,"orthographic":false}