{"cameraMode":{"drawMode":0,"name":"Shaded","section":"Shading Mode"},"sceneLighting":true,"audioPlay":false,"sceneViewState":{"showFog":true,"showMaterialUpdate":false,"showSkybox":false,"showFlares":true,"showImageEffects":true,"showParticleSystems":true},"in2DMode":false,"pivot":{"x":-1.6693388223648072,"y":0.4847942888736725,"z":0.4385649263858795},"rotation":{"x":0.021406594663858415,"y":0.7459603548049927,"z":-0.01953195035457611,"w":0.6663215756416321},"size":0.16740822792053224,"orthographic":false}