{"cameraMode":{"drawMode":0,"name":"Shaded","section":"Shading Mode"},"sceneLighting":false,"audioPlay":false,"sceneViewState":{"showFog":true,"showMaterialUpdate":false,"showSkybox":false,"showFlares":true,"showImageEffects":true,"showParticleSystems":true},"in2DMode":false,"pivot":{"x":-5.456403732299805,"y":2.2435760498046877,"z":4.801413536071777},"rotation":{"x":-0.0815972313284874,"y":0.6357694268226624,"z":-0.07103648781776428,"w":-0.7649679780006409},"size":3.512904644012451,"orthographic":false}