{"cameraMode":{"drawMode":0,"name":"Shaded","section":"Shading Mode"},"sceneLighting":true,"audioPlay":false,"sceneViewState":{"showFog":true,"showMaterialUpdate":false,"showSkybox":true,"showFlares":true,"showImageEffects":true,"showParticleSystems":true},"in2DMode":false,"pivot":{"x":-0.7877813577651978,"y":6.690329074859619,"z":7.987287521362305},"rotation":{"x":-0.04398081824183464,"y":0.3826766014099121,"z":-0.020079148933291436,"w":-0.9231368899345398},"size":7.368509292602539,"orthographic":false}