{"cameraMode":{"drawMode":0,"name":"Shaded","section":"Shading Mode"},"sceneLighting":false,"audioPlay":false,"sceneViewState":{"showFog":true,"showMaterialUpdate":false,"showSkybox":false,"showFlares":true,"showImageEffects":true,"showParticleSystems":true},"in2DMode":false,"pivot":{"x":-0.15684396028518678,"y":2.193413257598877,"z":5.930820465087891},"rotation":{"x":-0.13325078785419465,"y":-0.27501580119132998,"z":0.030455827713012697,"w":-0.9524027705192566},"size":1.9280245304107667,"orthographic":false}