{"cameraMode":{"drawMode":0,"name":"Shaded","section":"Shading Mode"},"sceneLighting":true,"audioPlay":false,"sceneViewState":{"showFog":true,"showMaterialUpdate":false,"showSkybox":true,"showFlares":true,"showImageEffects":true,"showParticleSystems":true},"in2DMode":false,"pivot":{"x":-7.491611480712891,"y":-4.013631820678711,"z":-20.832897186279298},"rotation":{"x":0.1669819951057434,"y":-0.8258801698684692,"z":0.3169172704219818,"w":0.43572574853897097},"size":23.85736083984375,"orthographic":false}