{"cameraMode":{"drawMode":0,"name":"Shaded","section":"Shading Mode"},"sceneLighting":true,"audioPlay":false,"sceneViewState":{"showFog":true,"showMaterialUpdate":false,"showSkybox":true,"showFlares":true,"showImageEffects":true,"showParticleSystems":true},"in2DMode":false,"pivot":{"x":-3.5985870361328127,"y":-6.326719284057617,"z":19.491546630859376},"rotation":{"x":0.1667303442955017,"y":-0.09535938501358032,"z":0.016475263983011247,"w":0.9814043641090393},"size":11.799165725708008,"orthographic":false}