{"cameraMode":{"drawMode":0,"name":"Shaded","section":"Shading Mode"},"sceneLighting":false,"audioPlay":false,"sceneViewState":{"showFog":true,"showMaterialUpdate":false,"showSkybox":false,"showFlares":true,"showImageEffects":true,"showParticleSystems":true},"in2DMode":false,"pivot":{"x":2.9537315368652345,"y":1.7928911447525025,"z":0.14808368682861329},"rotation":{"x":0.003030592342838645,"y":0.9880938529968262,"z":-0.002872995100915432,"w":0.1573156863451004},"size":0.8675121665000916,"orthographic":false}