{"cameraMode":{"drawMode":0,"name":"Shaded","section":"Shading Mode"},"sceneLighting":false,"audioPlay":false,"sceneViewState":{"showFog":true,"showMaterialUpdate":false,"showSkybox":false,"showFlares":true,"showImageEffects":true,"showParticleSystems":true},"in2DMode":false,"pivot":{"x":-6.668000221252441,"y":1.2710000276565552,"z":-2.6710000038146974},"rotation":{"x":0.05441177263855934,"y":0.04504598677158356,"z":0.0008643952896818519,"w":0.9980955123901367},"size":0.4159434139728546,"orthographic":false}