{"cameraMode":{"drawMode":0,"name":"Shaded","section":"Shading Mode"},"sceneLighting":true,"audioPlay":false,"sceneViewState":{"showFog":true,"showMaterialUpdate":false,"showSkybox":true,"showFlares":true,"showImageEffects":true,"showParticleSystems":true},"in2DMode":false,"pivot":{"x":-0.8072829246520996,"y":1.7628275156021119,"z":0.1464255452156067},"rotation":{"x":-0.019245702773332597,"y":-0.011899031698703766,"z":0.003871103748679161,"w":1.0003910064697266},"size":2.2510547637939455,"orthographic":false}