{"cameraMode":{"drawMode":0,"name":"Shaded","section":"Shading Mode"},"sceneLighting":false,"audioPlay":false,"sceneViewState":{"showFog":true,"showMaterialUpdate":false,"showSkybox":false,"showFlares":true,"showImageEffects":true,"showParticleSystems":true},"in2DMode":false,"pivot":{"x":-7.0485734939575199,"y":0.6638096570968628,"z":-4.569206237792969},"rotation":{"x":0.08430247008800507,"y":-0.914455771446228,"z":0.26870399713516238,"w":0.2925533652305603},"size":0.6643611192703247,"orthographic":false}