{"cameraMode":{"drawMode":0,"name":"Shaded","section":"Shading Mode"},"sceneLighting":false,"audioPlay":false,"sceneViewState":{"showFog":true,"showMaterialUpdate":false,"showSkybox":false,"showFlares":true,"showImageEffects":true,"showParticleSystems":true},"in2DMode":false,"pivot":{"x":-381.689697265625,"y":-275.4990234375,"z":4.542285919189453},"rotation":{"x":-0.18318986892700196,"y":0.611666738986969,"z":-0.15221241116523744,"w":-0.7552564144134522},"size":2.3794023990631105,"orthographic":false}